Workbook

Sheet PRODUTOS
A1: ID | B1: NOME | C1: CATEGORIA | D1: ESTOQUE MINIMO
A2: 1 | B2: Caixa de Papelão P | C2: Embalagens | D2: 50
A3: 2 | B3: Caixa de Papelão M | C3: Embalagens | D3: 40
A4: 3 | B4: Caixa de Papelão G | C4: Embalagens | D4: 30
A5: 4 | B5: Fita Adesiva Transparente | C5: Embalagens | D5: 100
A6: 5 | B6: Fita Adesiva Marrom | C6: Embalagens | D6: 80
A7: 6 | B7: Plástico Bolha | C7: Embalagens | D7: 60
A8: 7 | B8: Envelope Plástico | C8: Embalagens | D8: 70
A9: 8 | B9: Envelope Kraft | C9: Embalagens | D9: 70
A10: 9 | B10: Palete de Madeira | C10: Armazenagem | D10: 20
A11: 10 | B11: Palete de Plástico | C11: Armazenagem | D11: 15
A12: 11 | B12: Stretch Film | C12: Embalagens | D12: 90
A13: 12 | B13: Etiqueta Adesiva | C13: Identificação | D13: 200
... A97: 96 | B97: Balde Industrial | C97: Limpeza | D97: 20

Sheet MOVIMENTACOES
A1: ID | B1: NOME | C1: QUANTIDADE | D1: DATA
A2: 1 | B2: =_xlfn.XLOOKUP(A2, PRODUTOS!A:A, PRODUTOS!B:B, "Não Encontrado") -> Caixa de Papelão P | C2: 15 | D2: 46025
A3: 2 | B3: =_xlfn.XLOOKUP(A3, PRODUTOS!A:A, PRODUTOS!B:B, "Não Encontrado") -> Caixa de Papelão M | C3: 20 | D3: 46025
A4: 3 | B4: =_xlfn.XLOOKUP(A4, PRODUTOS!A:A, PRODUTOS!B:B, "Não Encontrado") -> Caixa de Papelão G | C4: 10 | D4: 46056
A5: 4 | B5: =_xlfn.XLOOKUP(A5, PRODUTOS!A:A, PRODUTOS!B:B, "Não Encontrado") -> Fita Adesiva Transparente | C5: 25 | D5: 46056
A6: 5 | B6: =_xlfn.XLOOKUP(A6, PRODUTOS!A:A, PRODUTOS!B:B, "Não Encontrado") -> Fita Adesiva Marrom | C6: 18 | D6: 46084
A7: 6 | B7: =_xlfn.XLOOKUP(A7, PRODUTOS!A:A, PRODUTOS!B:B, "Não Encontrado") -> Plástico Bolha | C7: 12 | D7: 46084
A8: 7 | B8: =_xlfn.XLOOKUP(A8, PRODUTOS!A:A, PRODUTOS!B:B, "Não Encontrado") -> Envelope Plástico | C8: 14 | D8: 46115
A9: 8 | B9: =_xlfn.XLOOKUP(A9, PRODUTOS!A:A, PRODUTOS!B:B, "Não Encontrado") -> Envelope Kraft | C9: 16 | D9: 46115
A10: 9 | B10: =_xlfn.XLOOKUP(A10, PRODUTOS!A:A, PRODUTOS!B:B, "Não Encontrado") -> Palete de Madeira | C10: 8 | D10: 46145
A11: 10 | B11: =_xlfn.XLOOKUP(A11, PRODUTOS!A:A, PRODUTOS!B:B, "Não Encontrado") -> Palete de Plástico | C11: 6 | D11: 46145
A12: 11 | B12: =_xlfn.XLOOKUP(A12, PRODUTOS!A:A, PRODUTOS!B:B, "Não Encontrado") -> Stretch Film | C12: 22 | D12: 46176
A13: 12 | B13: =_xlfn.XLOOKUP(A13, PRODUTOS!A:A, PRODUTOS!B:B, "Não Encontrado") -> Etiqueta Adesiva | C13: 30 | D13: 46176
... A25: 24 | B25: =_xlfn.XLOOKUP(A25, PRODUTOS!A:A, PRODUTOS!B:B, "Não Encontrado") -> Rack Porta Palete | C25: 5 | D25: 46359
A26: 25 | B26: =_xlfn.XLOOKUP(A26, PRODUTOS!A:A, PRODUTOS!B:B, "Não Encontrado") -> Cinta de Amarração | C26: 14 | D26: 13/03/26
A27: 26 | B27: =_xlfn.XLOOKUP(A27, PRODUTOS!A:A, PRODUTOS!B:B, "Não Encontrado") -> Lacre de Segurança | C27: 20 | D27: 13/03/26
A28: 27 | B28: =_xlfn.XLOOKUP(A28, PRODUTOS!A:A, PRODUTOS!B:B, "Não Encontrado") -> Luva de Proteção | C28: 25 | D28: 14/03/26
A29: 28 | B29: =_xlfn.XLOOKUP(A29, PRODUTOS!A:A, PRODUTOS!B:B, "Não Encontrado") -> Capacete de Segurança | C29: 12 | D29: 14/03/26
A30: 29 | B30: =_xlfn.XLOOKUP(A30, PRODUTOS!A:A, PRODUTOS!B:B, "Não Encontrado") -> Colete Refletivo | C30: 15 | D30: 15/03/26
A31: 30 | B31: =_xlfn.XLOOKUP(A31, PRODUTOS!A:A, PRODUTOS!B:B, "Não Encontrado") -> Botina de Segurança | C31: 18 | D31: 15/03/26
A32: 1 | B32: =_xlfn.XLOOKUP(A32, PRODUTOS!A:A, PRODUTOS!B:B, "Não Encontrado") -> Caixa de Papelão P | C32: -5 | D32: 16/03/26
A33: 2 | B33: =_xlfn.XLOOKUP(A33, PRODUTOS!A:A, PRODUTOS!B:B, "Não Encontrado") -> Caixa de Papelão M | C33: -8 | D33: 16/03/26
A34: 3 | B34: =_xlfn.XLOOKUP(A34, PRODUTOS!A:A, PRODUTOS!B:B, "Não Encontrado") -> Caixa de Papelão G | C34: -4 | D34: 17/03/26
A35: 4 | B35: =_xlfn.XLOOKUP(A35, PRODUTOS!A:A, PRODUTOS!B:B, "Não Encontrado") -> Fita Adesiva Transparente | C35: -10 | D35: 18/03/26
A36: 5 | B36: =_xlfn.XLOOKUP(A36, PRODUTOS!A:A, PRODUTOS!B:B, "Não Encontrado") -> Fita Adesiva Marrom | C36: -6 | D36: 18/03/26
A37: 6 | B37: =_xlfn.XLOOKUP(A37, PRODUTOS!A:A, PRODUTOS!B:B, "Não Encontrado") -> Plástico Bolha | C37: -5 | D37: 19/03/26
... A49: 18 | B49: =_xlfn.XLOOKUP(A49, PRODUTOS!A:A, PRODUTOS!B:B, "Não Encontrado") -> Empilhadeira | C49: -1 | D49: 30/03/26

Sheet RESUMO

Sheet DASHBOARD
